{
    "metrics": {
        "vus": {
            "value": 1,
            "min": 0,
            "max": 15571
        },
        "http_req_duration": {
            "avg": 3845.721684991326,
            "min": 15.7403,
            "med": 3606.6045,
            "max": 8859.7584,
            "p(90)": 7327.2913,
            "p(95)": 7838.83505
        },
        "checks": {
            "passes": 15571,
            "fails": 171281,
            "value": 0.08333333333333333
        },
        "http_req_failed": {
            "passes": 0,
            "fails": 15571,
            "value": 0
        },
        "data_received": {
            "count": 89073229,
            "rate": 2225125.900288976
        },
        "http_req_tls_handshaking": {
            "p(90)": 4420.0528,
            "p(95)": 4914.541300000001,
            "avg": 2809.6591164022843,
            "min": 1199.3379,
            "med": 2854.0863,
            "max": 36243.2897
        },
        "http_req_duration{expected_response:true}": {
            "max": 8859.7584,
            "p(90)": 7327.2913,
            "p(95)": 7838.83505,
            "avg": 3845.721684991326,
            "min": 15.7403,
            "med": 3606.6045
        },
        "data_sent": {
            "count": 73680982,
            "rate": 1840614.326521449
        },
        "vus_max": {
            "value": 15571,
            "min": 3257,
            "max": 15571
        },
        "http_req_waiting": {
            "med": 3605.3689,
            "max": 8859.1988,
            "p(90)": 7327.2913,
            "p(95)": 7838.275299999999,
            "avg": 3843.5635759809884,
            "min": 14.7431
        },
        "http_req_sending": {
            "max": 77.1415,
            "p(90)": 1.002,
            "p(95)": 1.0164,
            "avg": 0.4940162353092282,
            "min": 0,
            "med": 0
        },
        "http_req_receiving": {
            "avg": 1.664092775030498,
            "min": 0,
            "med": 0.5255,
            "max": 590.9917,
            "p(90)": 4.3575,
            "p(95)": 6.99765
        },
        "iteration_duration": {
            "med": 8516.3773,
            "max": 38632.5714,
            "p(90)": 13701.2435,
            "p(95)": 14642.3718,
            "avg": 9176.032013159098,
            "min": 2939.6232
        },
        "iterations": {
            "count": 15571,
            "rate": 388.9769775091418
        },
        "http_reqs": {
            "count": 15571,
            "rate": 388.9769775091418
        },
        "http_req_blocked": {
            "p(95)": 6352.90275,
            "avg": 4307.1532004045885,
            "min": 1906.8589,
            "med": 4349.4593,
            "max": 37614.6933,
            "p(90)": 5703.465
        },
        "http_req_connecting": {
            "med": 1488.2483,
            "max": 1747.3097,
            "p(90)": 1655.3686,
            "p(95)": 1699.3045499999998,
            "avg": 1430.051177387464,
            "min": 262.5577
        }
    },
    "root_group": {
        "name": "",
        "path": "",
        "id": "d41d8cd98f00b204e9800998ecf8427e",
        "groups": {},
        "checks": {
                "200 OK": {
                    "path": "::200 OK",
                    "id": "e9654c443eff553da9e69eda7007924e",
                    "passes": 15571,
                    "fails": 0,
                    "name": "200 OK"
                },
                "201 Created": {
                    "id": "728dcd977aae263ca314731145e1d447",
                    "passes": 0,
                    "fails": 15571,
                    "name": "201 Created",
                    "path": "::201 Created"
                },
                "204 No Content": {
                    "name": "204 No Content",
                    "path": "::204 No Content",
                    "id": "54fa3c2eda34e1622fda2da5e0479fc5",
                    "passes": 0,
                    "fails": 15571
                },
                "400 Bad Request": {
                    "name": "400 Bad Request",
                    "path": "::400 Bad Request",
                    "id": "eeae81934b9b58bccaf0184a6d070338",
                    "passes": 0,
                    "fails": 15571
                },
                "401 Unauthorized": {
                    "passes": 0,
                    "fails": 15571,
                    "name": "401 Unauthorized",
                    "path": "::401 Unauthorized",
                    "id": "6ae9254e6aefe7f0bafe5102fa7e20a5"
                },
                "403 Forbidden": {
                    "path": "::403 Forbidden",
                    "id": "655548b761742c5a7ad15aa7df3a5d9c",
                    "passes": 0,
                    "fails": 15571,
                    "name": "403 Forbidden"
                },
                "404 Not Found": {
                    "path": "::404 Not Found",
                    "id": "df1528f9925ca236bac51008f77b774a",
                    "passes": 0,
                    "fails": 15571,
                    "name": "404 Not Found"
                },
                "429 Too Many Requests": {
                    "id": "b810c35b9499cc7342fd415032e3a6aa",
                    "passes": 0,
                    "fails": 15571,
                    "name": "429 Too Many Requests",
                    "path": "::429 Too Many Requests"
                },
                "500 Internal Server Error": {
                    "name": "500 Internal Server Error",
                    "path": "::500 Internal Server Error",
                    "id": "3cd96245b24e869810efe46d533b0eef",
                    "passes": 0,
                    "fails": 15571
                },
                "502 Bad Gateway": {
                    "name": "502 Bad Gateway",
                    "path": "::502 Bad Gateway",
                    "id": "712cb0ec189a11f31f0d6d0c0031b569",
                    "passes": 0,
                    "fails": 15571
                },
                "503 Service Unavailable": {
                    "name": "503 Service Unavailable",
                    "path": "::503 Service Unavailable",
                    "id": "f1ea1a22be0dc738c385523a66ea1cd9",
                    "passes": 0,
                    "fails": 15571
                },
                "504 Gateway Timeout": {
                    "passes": 0,
                    "fails": 15571,
                    "name": "504 Gateway Timeout",
                    "path": "::504 Gateway Timeout",
                    "id": "218efb729cb654723ccd57c6ebbebe29"
                }
            }
    }
}