{
    "metrics": {
        "http_req_tls_handshaking": {
            "avg": 1661.0883443800046,
            "min": 10.5757,
            "med": 1456.0779,
            "max": 2797.748,
            "p(90)": 2392.4150600000003,
            "p(95)": 2434.1438749999998
        },
        "http_req_sending": {
            "p(95)": 1.0149,
            "avg": 0.39164878999999975,
            "min": 0,
            "med": 0,
            "max": 91.3711,
            "p(90)": 1.0005
        },
        "vus": {
            "value": 2788,
            "min": 0,
            "max": 10000
        },
        "vus_max": {
            "value": 10000,
            "min": 3079,
            "max": 10000
        },
        "http_req_blocked": {
            "p(90)": 3547.30235,
            "p(95)": 3578.1788,
            "avg": 2791.7523781600034,
            "min": 1166.5724,
            "med": 2617.993,
            "max": 3916.8721
        },
        "http_req_duration{expected_response:true}": {
            "avg": 1442.505815279997,
            "min": 6.0077,
            "med": 1586.5402,
            "max": 3748.743,
            "p(90)": 2344.5358600000004,
            "p(95)": 2453.232255
        },
        "checks": {
            "fails": 110000,
            "passes": 10000,
            "value": 0.08333333333333333
        },
        "data_received": {
            "count": 195502997,
            "rate": 29826528.821497463
        },
        "http_req_receiving": {
            "avg": 54.09830638999949,
            "min": 0,
            "med": 2.0005,
            "max": 1894.6802,
            "p(90)": 7.00192,
            "p(95)": 41.03182999999949
        },
        "data_sent": {
            "count": 6919088,
            "rate": 1055597.0026918678
        },
        "http_req_duration": {
            "min": 6.0077,
            "med": 1586.5402,
            "max": 3748.743,
            "p(90)": 2344.5358600000004,
            "p(95)": 2453.232255,
            "avg": 1442.505815279997
        },
        "http_req_connecting": {
            "max": 1275.3368,
            "p(90)": 1247.0967,
            "p(95)": 1256.951515,
            "avg": 1129.460500639996,
            "min": 191.2922,
            "med": 1155.3578
        },
        "http_req_waiting": {
            "avg": 1388.0158600999885,
            "min": 4.8029,
            "med": 1572.8885500000001,
            "max": 3546.9329,
            "p(90)": 2335.02997,
            "p(95)": 2442.63633
        },
        "http_req_failed": {
            "passes": 0,
            "fails": 10000,
            "value": 0
        },
        "iteration_duration": {
            "p(95)": 5806.4507300000005,
            "avg": 5253.531709510006,
            "min": 2216.1788,
            "med": 5418.64275,
            "max": 6357.8786,
            "p(90)": 5751.4549
        },
        "iterations": {
            "count": 10000,
            "rate": 1525.6302603636027
        },
        "http_reqs": {
            "count": 10000,
            "rate": 1525.6302603636027
        }
    },
    "root_group": {
        "name": "",
        "path": "",
        "id": "d41d8cd98f00b204e9800998ecf8427e",
        "groups": {},
        "checks": {
                "200 OK": {
                    "id": "e9654c443eff553da9e69eda7007924e",
                    "passes": 10000,
                    "fails": 0,
                    "name": "200 OK",
                    "path": "::200 OK"
                },
                "201 Created": {
                    "name": "201 Created",
                    "path": "::201 Created",
                    "id": "728dcd977aae263ca314731145e1d447",
                    "passes": 0,
                    "fails": 10000
                },
                "204 No Content": {
                    "id": "54fa3c2eda34e1622fda2da5e0479fc5",
                    "passes": 0,
                    "fails": 10000,
                    "name": "204 No Content",
                    "path": "::204 No Content"
                },
                "400 Bad Request": {
                    "name": "400 Bad Request",
                    "path": "::400 Bad Request",
                    "id": "eeae81934b9b58bccaf0184a6d070338",
                    "passes": 0,
                    "fails": 10000
                },
                "401 Unauthorized": {
                    "name": "401 Unauthorized",
                    "path": "::401 Unauthorized",
                    "id": "6ae9254e6aefe7f0bafe5102fa7e20a5",
                    "passes": 0,
                    "fails": 10000
                },
                "403 Forbidden": {
                    "fails": 10000,
                    "name": "403 Forbidden",
                    "path": "::403 Forbidden",
                    "id": "655548b761742c5a7ad15aa7df3a5d9c",
                    "passes": 0
                },
                "404 Not Found": {
                    "name": "404 Not Found",
                    "path": "::404 Not Found",
                    "id": "df1528f9925ca236bac51008f77b774a",
                    "passes": 0,
                    "fails": 10000
                },
                "429 Too Many Requests": {
                    "name": "429 Too Many Requests",
                    "path": "::429 Too Many Requests",
                    "id": "b810c35b9499cc7342fd415032e3a6aa",
                    "passes": 0,
                    "fails": 10000
                },
                "500 Internal Server Error": {
                    "id": "3cd96245b24e869810efe46d533b0eef",
                    "passes": 0,
                    "fails": 10000,
                    "name": "500 Internal Server Error",
                    "path": "::500 Internal Server Error"
                },
                "502 Bad Gateway": {
                    "fails": 10000,
                    "name": "502 Bad Gateway",
                    "path": "::502 Bad Gateway",
                    "id": "712cb0ec189a11f31f0d6d0c0031b569",
                    "passes": 0
                },
                "503 Service Unavailable": {
                    "name": "503 Service Unavailable",
                    "path": "::503 Service Unavailable",
                    "id": "f1ea1a22be0dc738c385523a66ea1cd9",
                    "passes": 0,
                    "fails": 10000
                },
                "504 Gateway Timeout": {
                    "fails": 10000,
                    "name": "504 Gateway Timeout",
                    "path": "::504 Gateway Timeout",
                    "id": "218efb729cb654723ccd57c6ebbebe29",
                    "passes": 0
                }
            }
    }
}