{
    "metrics": {
        "http_reqs": {
            "count": 10000,
            "rate": 1031.7384943231427
        },
        "data_sent": {
            "count": 6919184,
            "rate": 713878.848210478
        },
        "http_req_sending": {
            "max": 38.0006,
            "p(90)": 1.0009,
            "p(95)": 1.016405,
            "avg": 0.4101299699999995,
            "min": 0,
            "med": 0
        },
        "iteration_duration": {
            "avg": 4722.735083429981,
            "min": 2012.3601,
            "med": 4884.62795,
            "max": 8773.8806,
            "p(90)": 5335.58913,
            "p(95)": 5381.59019
        },
        "http_req_blocked": {
            "min": 154.5453,
            "med": 2400.5030500000003,
            "max": 7752.5763,
            "p(90)": 3685.53071,
            "p(95)": 3804.3097549999998,
            "avg": 2481.202541559995
        },
        "http_req_duration{expected_response:true}": {
            "max": 4778.0628,
            "p(90)": 2235.3014000000003,
            "p(95)": 2378.8542399999997,
            "avg": 1231.9706154600026,
            "min": 7.9976,
            "med": 1182.8021
        },
        "http_req_receiving": {
            "p(90)": 7.954880000000013,
            "p(95)": 15.000829999999999,
            "avg": 32.18380499999969,
            "min": 0,
            "med": 2.9964,
            "max": 2313.4852
        },
        "http_req_tls_handshaking": {
            "max": 7169.9225,
            "p(90)": 3022.34282,
            "p(95)": 3132.1660399999996,
            "avg": 1779.190332270001,
            "min": 11.9994,
            "med": 1763.72055
        },
        "vus_max": {
            "value": 10000,
            "min": 3709,
            "max": 10000
        },
        "http_req_connecting": {
            "p(95)": 874.128,
            "avg": 701.1715896800004,
            "min": 131.5445,
            "med": 706.2475999999999,
            "max": 942.1307,
            "p(90)": 844.12868
        },
        "checks": {
            "passes": 10000,
            "fails": 110000,
            "value": 0.08333333333333333
        },
        "http_req_duration": {
            "min": 7.9976,
            "med": 1182.8021,
            "max": 4778.0628,
            "p(90)": 2235.3014000000003,
            "p(95)": 2378.8542399999997,
            "avg": 1231.9706154600026
        },
        "http_req_waiting": {
            "avg": 1199.3766804900035,
            "min": 0.9993,
            "med": 1154.8665500000002,
            "max": 4685.5914,
            "p(90)": 2226.30354,
            "p(95)": 2366.608375
        },
        "http_req_failed": {
            "passes": 0,
            "fails": 10000,
            "value": 0
        },
        "iterations": {
            "count": 10000,
            "rate": 1031.7384943231427
        },
        "vus": {
            "value": 2,
            "min": 0,
            "max": 10000
        },
        "data_received": {
            "count": 195473810,
            "rate": 20167785.440900806
        }
    },
    "root_group": {
        "name": "",
        "path": "",
        "id": "d41d8cd98f00b204e9800998ecf8427e",
        "groups": {},
        "checks": {
                "200 OK": {
                    "name": "200 OK",
                    "path": "::200 OK",
                    "id": "e9654c443eff553da9e69eda7007924e",
                    "passes": 10000,
                    "fails": 0
                },
                "201 Created": {
                    "passes": 0,
                    "fails": 10000,
                    "name": "201 Created",
                    "path": "::201 Created",
                    "id": "728dcd977aae263ca314731145e1d447"
                },
                "204 No Content": {
                    "name": "204 No Content",
                    "path": "::204 No Content",
                    "id": "54fa3c2eda34e1622fda2da5e0479fc5",
                    "passes": 0,
                    "fails": 10000
                },
                "400 Bad Request": {
                    "path": "::400 Bad Request",
                    "id": "eeae81934b9b58bccaf0184a6d070338",
                    "passes": 0,
                    "fails": 10000,
                    "name": "400 Bad Request"
                },
                "401 Unauthorized": {
                    "name": "401 Unauthorized",
                    "path": "::401 Unauthorized",
                    "id": "6ae9254e6aefe7f0bafe5102fa7e20a5",
                    "passes": 0,
                    "fails": 10000
                },
                "403 Forbidden": {
                    "passes": 0,
                    "fails": 10000,
                    "name": "403 Forbidden",
                    "path": "::403 Forbidden",
                    "id": "655548b761742c5a7ad15aa7df3a5d9c"
                },
                "404 Not Found": {
                    "name": "404 Not Found",
                    "path": "::404 Not Found",
                    "id": "df1528f9925ca236bac51008f77b774a",
                    "passes": 0,
                    "fails": 10000
                },
                "429 Too Many Requests": {
                    "name": "429 Too Many Requests",
                    "path": "::429 Too Many Requests",
                    "id": "b810c35b9499cc7342fd415032e3a6aa",
                    "passes": 0,
                    "fails": 10000
                },
                "500 Internal Server Error": {
                    "id": "3cd96245b24e869810efe46d533b0eef",
                    "passes": 0,
                    "fails": 10000,
                    "name": "500 Internal Server Error",
                    "path": "::500 Internal Server Error"
                },
                "502 Bad Gateway": {
                    "name": "502 Bad Gateway",
                    "path": "::502 Bad Gateway",
                    "id": "712cb0ec189a11f31f0d6d0c0031b569",
                    "passes": 0,
                    "fails": 10000
                },
                "503 Service Unavailable": {
                    "path": "::503 Service Unavailable",
                    "id": "f1ea1a22be0dc738c385523a66ea1cd9",
                    "passes": 0,
                    "fails": 10000,
                    "name": "503 Service Unavailable"
                },
                "504 Gateway Timeout": {
                    "path": "::504 Gateway Timeout",
                    "id": "218efb729cb654723ccd57c6ebbebe29",
                    "passes": 0,
                    "fails": 10000,
                    "name": "504 Gateway Timeout"
                }
            }
    }
}