{
    "metrics": {
        "vus_max": {
            "value": 20000,
            "min": 3161,
            "max": 20000
        },
        "http_req_failed": {
            "fails": 20000,
            "passes": 0,
            "value": 0
        },
        "http_req_connecting": {
            "p(90)": 2711.61084,
            "p(95)": 2730.6124,
            "avg": 2277.9508693700022,
            "min": 84.0033,
            "med": 2412.66705,
            "max": 2799.6093
        },
        "http_req_tls_handshaking": {
            "avg": 2781.162194265014,
            "min": 4.9986,
            "med": 2542.2662499999997,
            "max": 4243.9018,
            "p(90)": 3942.9057,
            "p(95)": 4014.400695
        },
        "vus": {
            "value": 10854,
            "min": 0,
            "max": 19960
        },
        "http_req_duration{expected_response:true}": {
            "min": 4.9974,
            "med": 2280.4341,
            "max": 5696.9146,
            "p(90)": 3784.2437700000005,
            "p(95)": 3962.0788599999996,
            "avg": 2191.804710045009
        },
        "iterations": {
            "count": 20000,
            "rate": 1924.4968686800123
        },
        "http_req_blocked": {
            "avg": 5060.166197955005,
            "min": 1264.1032,
            "med": 4802.77735,
            "max": 6733.7525,
            "p(90)": 6266.44768,
            "p(95)": 6339.47485
        },
        "http_req_duration": {
            "med": 2280.4341,
            "max": 5696.9146,
            "p(90)": 3784.2437700000005,
            "p(95)": 3962.0788599999996,
            "avg": 2191.804710045009,
            "min": 4.9974
        },
        "iteration_duration": {
            "med": 8194.09,
            "max": 9989.5814,
            "p(90)": 9465.793389999999,
            "p(95)": 9547.781785000001,
            "avg": 8257.70575706496,
            "min": 2355.6962
        },
        "http_req_receiving": {
            "avg": 1.6889606550000056,
            "min": 0,
            "med": 1.0011,
            "max": 69.9985,
            "p(90)": 3.2211600000000034,
            "p(95)": 5.0015
        },
        "http_reqs": {
            "rate": 1924.4968686800123,
            "count": 20000
        },
        "http_req_sending": {
            "p(95)": 1.0028,
            "avg": 0.35120437499999957,
            "min": 0,
            "med": 0,
            "max": 66.9346,
            "p(90)": 1.0006
        },
        "http_req_waiting": {
            "med": 2279.2795,
            "max": 5694.9147,
            "p(90)": 3780.4250800000004,
            "p(95)": 3959.7524599999997,
            "avg": 2189.764545015005,
            "min": 1.9992
        },
        "data_received": {
            "count": 122230612,
            "rate": 11761621.502542077
        },
        "checks": {
            "fails": 220000,
            "passes": 20000,
            "value": 0.08333333333333333
        },
        "data_sent": {
            "count": 13040000,
            "rate": 1254771.958379368
        }
    },
    "root_group": {
        "name": "",
        "path": "",
        "id": "d41d8cd98f00b204e9800998ecf8427e",
        "groups": {},
        "checks": {
                "200 OK": {
                    "name": "200 OK",
                    "path": "::200 OK",
                    "id": "e9654c443eff553da9e69eda7007924e",
                    "passes": 20000,
                    "fails": 0
                },
                "201 Created": {
                    "name": "201 Created",
                    "path": "::201 Created",
                    "id": "728dcd977aae263ca314731145e1d447",
                    "passes": 0,
                    "fails": 20000
                },
                "204 No Content": {
                    "name": "204 No Content",
                    "path": "::204 No Content",
                    "id": "54fa3c2eda34e1622fda2da5e0479fc5",
                    "passes": 0,
                    "fails": 20000
                },
                "400 Bad Request": {
                    "fails": 20000,
                    "name": "400 Bad Request",
                    "path": "::400 Bad Request",
                    "id": "eeae81934b9b58bccaf0184a6d070338",
                    "passes": 0
                },
                "401 Unauthorized": {
                    "name": "401 Unauthorized",
                    "path": "::401 Unauthorized",
                    "id": "6ae9254e6aefe7f0bafe5102fa7e20a5",
                    "passes": 0,
                    "fails": 20000
                },
                "403 Forbidden": {
                    "fails": 20000,
                    "name": "403 Forbidden",
                    "path": "::403 Forbidden",
                    "id": "655548b761742c5a7ad15aa7df3a5d9c",
                    "passes": 0
                },
                "404 Not Found": {
                    "name": "404 Not Found",
                    "path": "::404 Not Found",
                    "id": "df1528f9925ca236bac51008f77b774a",
                    "passes": 0,
                    "fails": 20000
                },
                "429 Too Many Requests": {
                    "name": "429 Too Many Requests",
                    "path": "::429 Too Many Requests",
                    "id": "b810c35b9499cc7342fd415032e3a6aa",
                    "passes": 0,
                    "fails": 20000
                },
                "500 Internal Server Error": {
                    "id": "3cd96245b24e869810efe46d533b0eef",
                    "passes": 0,
                    "fails": 20000,
                    "name": "500 Internal Server Error",
                    "path": "::500 Internal Server Error"
                },
                "502 Bad Gateway": {
                    "name": "502 Bad Gateway",
                    "path": "::502 Bad Gateway",
                    "id": "712cb0ec189a11f31f0d6d0c0031b569",
                    "passes": 0,
                    "fails": 20000
                },
                "503 Service Unavailable": {
                    "name": "503 Service Unavailable",
                    "path": "::503 Service Unavailable",
                    "id": "f1ea1a22be0dc738c385523a66ea1cd9",
                    "passes": 0,
                    "fails": 20000
                },
                "504 Gateway Timeout": {
                    "id": "218efb729cb654723ccd57c6ebbebe29",
                    "passes": 0,
                    "fails": 20000,
                    "name": "504 Gateway Timeout",
                    "path": "::504 Gateway Timeout"
                }
            }
    }
}