{
    "metrics": {
        "http_req_sending": {
            "max": 63.4832,
            "p(90)": 1.0006,
            "p(95)": 1.0027,
            "avg": 0.3600261899999996,
            "min": 0,
            "med": 0
        },
        "http_req_receiving": {
            "med": 0.9998,
            "max": 1853.1973,
            "p(90)": 2.0046,
            "p(95)": 4.0007,
            "avg": 1.53246997999998,
            "min": 0
        },
        "checks": {
            "passes": 10000,
            "fails": 110000,
            "value": 0.08333333333333333
        },
        "vus": {
            "value": 5704,
            "min": 0,
            "max": 10000
        },
        "http_reqs": {
            "count": 10000,
            "rate": 1648.9813145847236
        },
        "http_req_duration": {
            "avg": 1052.3329881600034,
            "min": 4.9967,
            "med": 1034.016,
            "max": 2556.548,
            "p(90)": 2029.09251,
            "p(95)": 2104.8217049999994
        },
        "http_req_duration{expected_response:true}": {
            "avg": 1052.3329881600034,
            "min": 4.9967,
            "med": 1034.016,
            "max": 2556.548,
            "p(90)": 2029.09251,
            "p(95)": 2104.8217049999994
        },
        "http_req_connecting": {
            "avg": 732.909698490005,
            "min": 152.8272,
            "med": 692.57285,
            "max": 1344.1819,
            "p(90)": 957.89666,
            "p(95)": 1057.5442
        },
        "http_req_waiting": {
            "med": 1033.0167,
            "max": 2555.5491,
            "p(90)": 2025.2562200000002,
            "p(95)": 2100.7968149999997,
            "avg": 1050.440491990006,
            "min": 3.9969
        },
        "http_req_tls_handshaking": {
            "p(95)": 2736.8581549999994,
            "avg": 1887.4608511400133,
            "min": 50.1535,
            "med": 1846.9733,
            "max": 3831.4107,
            "p(90)": 2614.78747
        },
        "data_received": {
            "rate": 10291942.41275747,
            "count": 62413942
        },
        "vus_max": {
            "value": 10000,
            "min": 3053,
            "max": 10000
        },
        "data_sent": {
            "count": 5910000,
            "rate": 974547.9569195716
        },
        "http_req_blocked": {
            "med": 2659.6494000000002,
            "max": 4607.9319,
            "p(90)": 3431.19814,
            "p(95)": 3528.238999999999,
            "avg": 2664.981360909997,
            "min": 779.8998
        },
        "iteration_duration": {
            "avg": 4753.171252249978,
            "min": 2006.0788,
            "med": 5025.06765,
            "max": 5623.6456,
            "p(90)": 5192.7119,
            "p(95)": 5246.027384999999
        },
        "iterations": {
            "count": 10000,
            "rate": 1648.9813145847236
        },
        "http_req_failed": {
            "passes": 0,
            "fails": 10000,
            "value": 0
        }
    },
    "root_group": {
        "name": "",
        "path": "",
        "id": "d41d8cd98f00b204e9800998ecf8427e",
        "groups": {},
        "checks": {
                "200 OK": {
                    "name": "200 OK",
                    "path": "::200 OK",
                    "id": "e9654c443eff553da9e69eda7007924e",
                    "passes": 10000,
                    "fails": 0
                },
                "201 Created": {
                    "id": "728dcd977aae263ca314731145e1d447",
                    "passes": 0,
                    "fails": 10000,
                    "name": "201 Created",
                    "path": "::201 Created"
                },
                "204 No Content": {
                    "path": "::204 No Content",
                    "id": "54fa3c2eda34e1622fda2da5e0479fc5",
                    "passes": 0,
                    "fails": 10000,
                    "name": "204 No Content"
                },
                "400 Bad Request": {
                    "path": "::400 Bad Request",
                    "id": "eeae81934b9b58bccaf0184a6d070338",
                    "passes": 0,
                    "fails": 10000,
                    "name": "400 Bad Request"
                },
                "401 Unauthorized": {
                    "name": "401 Unauthorized",
                    "path": "::401 Unauthorized",
                    "id": "6ae9254e6aefe7f0bafe5102fa7e20a5",
                    "passes": 0,
                    "fails": 10000
                },
                "403 Forbidden": {
                    "name": "403 Forbidden",
                    "path": "::403 Forbidden",
                    "id": "655548b761742c5a7ad15aa7df3a5d9c",
                    "passes": 0,
                    "fails": 10000
                },
                "404 Not Found": {
                    "passes": 0,
                    "fails": 10000,
                    "name": "404 Not Found",
                    "path": "::404 Not Found",
                    "id": "df1528f9925ca236bac51008f77b774a"
                },
                "429 Too Many Requests": {
                    "name": "429 Too Many Requests",
                    "path": "::429 Too Many Requests",
                    "id": "b810c35b9499cc7342fd415032e3a6aa",
                    "passes": 0,
                    "fails": 10000
                },
                "500 Internal Server Error": {
                    "fails": 10000,
                    "name": "500 Internal Server Error",
                    "path": "::500 Internal Server Error",
                    "id": "3cd96245b24e869810efe46d533b0eef",
                    "passes": 0
                },
                "502 Bad Gateway": {
                    "path": "::502 Bad Gateway",
                    "id": "712cb0ec189a11f31f0d6d0c0031b569",
                    "passes": 0,
                    "fails": 10000,
                    "name": "502 Bad Gateway"
                },
                "503 Service Unavailable": {
                    "id": "f1ea1a22be0dc738c385523a66ea1cd9",
                    "passes": 0,
                    "fails": 10000,
                    "name": "503 Service Unavailable",
                    "path": "::503 Service Unavailable"
                },
                "504 Gateway Timeout": {
                    "name": "504 Gateway Timeout",
                    "path": "::504 Gateway Timeout",
                    "id": "218efb729cb654723ccd57c6ebbebe29",
                    "passes": 0,
                    "fails": 10000
                }
            }
    }
}